reservoir,max_depth,n_estimators,KGE
ResOpsUS_292,4,200,0.976868550608898
ResOpsUS_292,4,400,0.9765106669534376
ResOpsUS_292,4,800,0.9728691953579308
ResOpsUS_292,6,200,0.9778191422535948
ResOpsUS_292,6,400,0.975927533865881
ResOpsUS_292,6,800,0.9749347292125176
ResOpsUS_292,8,200,0.9748734382583374
ResOpsUS_292,8,400,0.9742980491739176
ResOpsUS_292,8,800,0.97265025887249
ResOpsUS_1042,4,200,0.8071684454609149
ResOpsUS_1042,4,400,0.812170991326151
ResOpsUS_1042,4,800,0.8117074132051004
ResOpsUS_1042,6,200,0.8057297151000345
ResOpsUS_1042,6,400,0.8046494112597881
ResOpsUS_1042,6,800,0.8027041671204072
ResOpsUS_1042,8,200,0.7939014362292303
ResOpsUS_1042,8,400,0.7940385189576653
ResOpsUS_1042,8,800,0.7918411025190242
ResOpsUS_1777,4,200,0.7879853500862205
ResOpsUS_1777,4,400,0.8157529548261016
ResOpsUS_1777,4,800,0.8369541898525414
ResOpsUS_1777,6,200,0.8245402405611792
ResOpsUS_1777,6,400,0.8358226070557462
ResOpsUS_1777,6,800,0.841269726669255
ResOpsUS_1777,8,200,0.820931848735096
ResOpsUS_1777,8,400,0.8266370645503891
ResOpsUS_1777,8,800,0.8245335333609255
ResOpsUS_393,4,200,0.8200436953993337
ResOpsUS_393,4,400,0.8471819332438282
ResOpsUS_393,4,800,0.8578005525638741
ResOpsUS_393,6,200,0.8176289123698554
ResOpsUS_393,6,400,0.8254756240281832
ResOpsUS_393,6,800,0.8287414568735451
ResOpsUS_393,8,200,0.7919408799924628
ResOpsUS_393,8,400,0.7957341988980755
ResOpsUS_393,8,800,0.7974708139324606
ResOpsUS_7313,4,200,0.95600885240627
ResOpsUS_7313,4,400,0.9656922904673682
ResOpsUS_7313,4,800,0.970186577071644
ResOpsUS_7313,6,200,0.9547834274870266
ResOpsUS_7313,6,400,0.9570419792859552
ResOpsUS_7313,6,800,0.9577608533333238
ResOpsUS_7313,8,200,0.9456449839397048
ResOpsUS_7313,8,400,0.9463935054262104
ResOpsUS_7313,8,800,0.9472828087682664
ResOpsUS_898,4,200,0.9820656376914664
ResOpsUS_898,4,400,0.9838113763902508
ResOpsUS_898,4,800,0.9852598564414264
ResOpsUS_898,6,200,0.9845380500823568
ResOpsUS_898,6,400,0.9847136565001068
ResOpsUS_898,6,800,0.9850068443206396
ResOpsUS_898,8,200,0.982301811039552
ResOpsUS_898,8,400,0.9822780660754236
ResOpsUS_898,8,800,0.9821961014494914
ResOpsUS_536,4,200,0.9672627504673896
ResOpsUS_536,4,400,0.9812641735265356
ResOpsUS_536,4,800,0.9860876554705064
ResOpsUS_536,6,200,0.9740130631891128
ResOpsUS_536,6,400,0.9789394741201668
ResOpsUS_536,6,800,0.9804138339894418
ResOpsUS_536,8,200,0.980737070775284
ResOpsUS_536,8,400,0.981697690170368
ResOpsUS_536,8,800,0.981942843726142
ResOpsUS_574,4,200,0.9341823821542502
ResOpsUS_574,4,400,0.9387141120144432
ResOpsUS_574,4,800,0.940937037322863
ResOpsUS_574,6,200,0.9413014687832124
ResOpsUS_574,6,400,0.943101736055
ResOpsUS_574,6,800,0.9447035523677054
ResOpsUS_574,8,200,0.9438655793942764
ResOpsUS_574,8,400,0.9446880696427424
ResOpsUS_574,8,800,0.9455127245940588
ResOpsUS_386,4,200,0.888080726537046
ResOpsUS_386,4,400,0.8846274905160397
ResOpsUS_386,4,800,0.8832901612108587
ResOpsUS_386,6,200,0.8919853984399845
ResOpsUS_386,6,400,0.8964658064929549
ResOpsUS_386,6,800,0.8998672346179291
ResOpsUS_386,8,200,0.883859796133847
ResOpsUS_386,8,400,0.8859911662397171
ResOpsUS_386,8,800,0.8865633710461651
ResOpsUS_939,4,200,0.1711754197782391
ResOpsUS_939,4,400,0.2752238270515873
ResOpsUS_939,4,800,0.3176645090335797
ResOpsUS_939,6,200,-0.2588222224554792
ResOpsUS_939,6,400,-0.245719855624021
ResOpsUS_939,6,800,-0.2615038905533395
ResOpsUS_939,8,200,-0.2781340818086337
ResOpsUS_939,8,400,-0.2740890781351683
ResOpsUS_939,8,800,-0.2437348644300498
ResOpsUS_367,4,200,0.9456371813871356
ResOpsUS_367,4,400,0.9575134764938787
ResOpsUS_367,4,800,0.9693952559740544
ResOpsUS_367,6,200,0.963274392361974
ResOpsUS_367,6,400,0.9709798019138872
ResOpsUS_367,6,800,0.975538255824032
ResOpsUS_367,8,200,0.9666848771080108
ResOpsUS_367,8,400,0.9722865805440823
ResOpsUS_367,8,800,0.9738364445729536
ResOpsUS_398,4,200,0.8596929871955492
ResOpsUS_398,4,400,0.8689114826167409
ResOpsUS_398,4,800,0.8712223841898414
ResOpsUS_398,6,200,0.8575230015221557
ResOpsUS_398,6,400,0.861740807048646
ResOpsUS_398,6,800,0.8630222829471907
ResOpsUS_398,8,200,0.841028299578849
ResOpsUS_398,8,400,0.844080634663768
ResOpsUS_398,8,800,0.845004138605078
ResOpsUS_1121,4,200,0.8246626282136675
ResOpsUS_1121,4,400,0.8365525795721144
ResOpsUS_1121,4,800,0.8384889102003386
ResOpsUS_1121,6,200,0.8359364595266683
ResOpsUS_1121,6,400,0.8356306721921388
ResOpsUS_1121,6,800,0.8328281180258246
ResOpsUS_1121,8,200,0.8303839216091954
ResOpsUS_1121,8,400,0.8290847559400262
ResOpsUS_1121,8,800,0.8278392514545848
ResOpsUS_505,4,200,0.8328783744659379
ResOpsUS_505,4,400,0.8687245336698394
ResOpsUS_505,4,800,0.8825029178575081
ResOpsUS_505,6,200,0.8557729290214167
ResOpsUS_505,6,400,0.8697955519727842
ResOpsUS_505,6,800,0.8725667914965317
ResOpsUS_505,8,200,0.8508660938732234
ResOpsUS_505,8,400,0.8522832661673102
ResOpsUS_505,8,800,0.8494402706360982
ResOpsUS_378,4,200,0.9475123536700412
ResOpsUS_378,4,400,0.9528566855343
ResOpsUS_378,4,800,0.9533153311192925
ResOpsUS_378,6,200,0.9470452672279848
ResOpsUS_378,6,400,0.949787569821779
ResOpsUS_378,6,800,0.9518607904805227
ResOpsUS_378,8,200,0.9415059040828684
ResOpsUS_378,8,400,0.9448123352459676
ResOpsUS_378,8,800,0.945667355879504
ResOpsUS_1782,4,200,0.9477925511563108
ResOpsUS_1782,4,400,0.9546666258032492
ResOpsUS_1782,4,800,0.9559289221592928
ResOpsUS_1782,6,200,0.9432867425140736
ResOpsUS_1782,6,400,0.9458221919221158
ResOpsUS_1782,6,800,0.94710504120533
ResOpsUS_1782,8,200,0.9389263482278968
ResOpsUS_1782,8,400,0.9399550263287536
ResOpsUS_1782,8,800,0.9402859110447572
ResOpsUS_1709,4,200,0.8870053173042329
ResOpsUS_1709,4,400,0.894361467692561
ResOpsUS_1709,4,800,0.9055556326239562
ResOpsUS_1709,6,200,0.8687294170650257
ResOpsUS_1709,6,400,0.8795124700200683
ResOpsUS_1709,6,800,0.8829682701354652
ResOpsUS_1709,8,200,0.8715370811355138
ResOpsUS_1709,8,400,0.8759596823770859
ResOpsUS_1709,8,800,0.8764312886257146
ResOpsUS_1691,4,200,0.8229795667333348
ResOpsUS_1691,4,400,0.830808611014131
ResOpsUS_1691,4,800,0.840509480785929
ResOpsUS_1691,6,200,0.8240933628106341
ResOpsUS_1691,6,400,0.8273980954549172
ResOpsUS_1691,6,800,0.8291062320667966
ResOpsUS_1691,8,200,0.8230243449253197
ResOpsUS_1691,8,400,0.8218324304706368
ResOpsUS_1691,8,800,0.822492854939415
ResOpsUS_1742,4,200,0.7890797198492229
ResOpsUS_1742,4,400,0.7994735625549132
ResOpsUS_1742,4,800,0.80362918308307
ResOpsUS_1742,6,200,0.7923831701703858
ResOpsUS_1742,6,400,0.7990278027018827
ResOpsUS_1742,6,800,0.7998510722522236
ResOpsUS_1742,8,200,0.8088697513671502
ResOpsUS_1742,8,400,0.812914925662678
ResOpsUS_1742,8,800,0.815109305470254
ResOpsUS_1617,4,200,0.6810021339474557
ResOpsUS_1617,4,400,0.672743391451353
ResOpsUS_1617,4,800,0.6671487871849087
ResOpsUS_1617,6,200,0.6737224093840681
ResOpsUS_1617,6,400,0.6705945027768891
ResOpsUS_1617,6,800,0.6741519435947927
ResOpsUS_1617,8,200,0.6667967596953897
ResOpsUS_1617,8,400,0.6681327681439662
ResOpsUS_1617,8,800,0.6694173063659457
ResOpsUS_182,4,200,0.9107403489783044
ResOpsUS_182,4,400,0.914415352110819
ResOpsUS_182,4,800,0.9135757581809985
ResOpsUS_182,6,200,0.8778222361472241
ResOpsUS_182,6,400,0.8790377468354804
ResOpsUS_182,6,800,0.8789680027444379
ResOpsUS_182,8,200,0.8791713745105907
ResOpsUS_182,8,400,0.8804074111213873
ResOpsUS_182,8,800,0.8801622134907449
ResOpsUS_442,4,200,0.9559916621995472
ResOpsUS_442,4,400,0.9690636963474556
ResOpsUS_442,4,800,0.9589709971883972
ResOpsUS_442,6,200,0.953338411318236
ResOpsUS_442,6,400,0.9618282716881776
ResOpsUS_442,6,800,0.9630221857126892
ResOpsUS_442,8,200,0.9260630422269174
ResOpsUS_442,8,400,0.9303394084543852
ResOpsUS_442,8,800,0.93238260220372
ResOpsUS_338,4,200,0.8895503721244691
ResOpsUS_338,4,400,0.8987833714943159
ResOpsUS_338,4,800,0.9061343424076012
ResOpsUS_338,6,200,0.9022161475594156
ResOpsUS_338,6,400,0.9074947589201484
ResOpsUS_338,6,800,0.910808172565584
ResOpsUS_338,8,200,0.8867846362295737
ResOpsUS_338,8,400,0.8889153063671872
ResOpsUS_338,8,800,0.8908726867993362
ResOpsUS_919,4,200,0.7111817448527327
ResOpsUS_919,4,400,0.7019784499078745
ResOpsUS_919,4,800,0.6981491356093856
ResOpsUS_919,6,200,0.7256439188368233
ResOpsUS_919,6,400,0.7224916266893873
ResOpsUS_919,6,800,0.7216832392620993
ResOpsUS_919,8,200,0.736321191079484
ResOpsUS_919,8,400,0.7342631834086912
ResOpsUS_919,8,800,0.7337842080683544
ResOpsUS_592,4,200,0.9346629184442584
ResOpsUS_592,4,400,0.9433367010678994
ResOpsUS_592,4,800,0.941940902021701
ResOpsUS_592,6,200,0.898113147682812
ResOpsUS_592,6,400,0.8983251385897435
ResOpsUS_592,6,800,0.8974235879413426
ResOpsUS_592,8,200,0.8889678665620007
ResOpsUS_592,8,400,0.8880251250524747
ResOpsUS_592,8,800,0.8874489426222226
ResOpsUS_533,4,200,0.9801193830300404
ResOpsUS_533,4,400,0.9825239564355508
ResOpsUS_533,4,800,0.9838229726791914
ResOpsUS_533,6,200,0.9782245476669448
ResOpsUS_533,6,400,0.9788869354601996
ResOpsUS_533,6,800,0.9788077919594956
ResOpsUS_533,8,200,0.9736478419932788
ResOpsUS_533,8,400,0.9734750777067006
ResOpsUS_533,8,800,0.9733758482102516
ResOpsUS_168,4,200,0.7854381140412919
ResOpsUS_168,4,400,0.7808657758659965
ResOpsUS_168,4,800,0.7787853728151526
ResOpsUS_168,6,200,0.7761101064964611
ResOpsUS_168,6,400,0.7747292291920301
ResOpsUS_168,6,800,0.7738914458908708
ResOpsUS_168,8,200,0.7757627230504704
ResOpsUS_168,8,400,0.774275967498882
ResOpsUS_168,8,800,0.7738753542486867
ResOpsUS_1109,4,200,0.8815756697609675
ResOpsUS_1109,4,400,0.8766549529140594
ResOpsUS_1109,4,800,0.8769554408442051
ResOpsUS_1109,6,200,0.8915571012902153
ResOpsUS_1109,6,400,0.8936376328458326
ResOpsUS_1109,6,800,0.8933445794120388
ResOpsUS_1109,8,200,0.8912814340392121
ResOpsUS_1109,8,400,0.8922019454679896
ResOpsUS_1109,8,800,0.8923517159160271
ResOpsUS_111,4,200,0.919377113068248
ResOpsUS_111,4,400,0.9489386520029008
ResOpsUS_111,4,800,0.9495860368371069
ResOpsUS_111,6,200,0.8558789291278075
ResOpsUS_111,6,400,0.8568515525280533
ResOpsUS_111,6,800,0.8564438391831438
ResOpsUS_111,8,200,0.8628747252413393
ResOpsUS_111,8,400,0.8637005367428725
ResOpsUS_111,8,800,0.8639673540221161
